{
  "architecture": "paper",
  "best_epoch": 400,
  "best_metrics": {
    "mean_subject_accuracy": 0.7372685185185186,
    "mean_subject_cohen_kappa": 0.6496913580246912,
    "mean_subject_loss": 0.7005961512525877,
    "pooled_accuracy": 0.7372685185185185,
    "subject_1_accuracy": 0.8194444444444444,
    "subject_1_cohen_kappa": 0.7592592592592592,
    "subject_1_loss": 0.4581994488835335,
    "subject_2_accuracy": 0.5798611111111112,
    "subject_2_cohen_kappa": 0.4398148148148149,
    "subject_2_loss": 1.019388571381569,
    "subject_3_accuracy": 0.8958333333333334,
    "subject_3_cohen_kappa": 0.8611111111111112,
    "subject_3_loss": 0.33384665101766586,
    "subject_4_accuracy": 0.7673611111111112,
    "subject_4_cohen_kappa": 0.6898148148148149,
    "subject_4_loss": 0.6791556775569916,
    "subject_5_accuracy": 0.6909722222222222,
    "subject_5_cohen_kappa": 0.5879629629629629,
    "subject_5_loss": 0.756545752286911,
    "subject_6_accuracy": 0.5833333333333334,
    "subject_6_cohen_kappa": 0.4444444444444445,
    "subject_6_loss": 1.092039555311203,
    "subject_7_accuracy": 0.8472222222222222,
    "subject_7_cohen_kappa": 0.7962962962962963,
    "subject_7_loss": 0.4374716952443123,
    "subject_8_accuracy": 0.7881944444444444,
    "subject_8_cohen_kappa": 0.7175925925925926,
    "subject_8_loss": 0.5432455241680145,
    "subject_9_accuracy": 0.6631944444444444,
    "subject_9_cohen_kappa": 0.5509259259259259,
    "subject_9_loss": 0.9854724854230881
  },
  "best_score": 0.7372685185185186,
  "channel_names": [
    "Fz",
    "FC3",
    "FC1",
    "FCz",
    "FC2",
    "FC4",
    "C5",
    "C3",
    "C1",
    "Cz",
    "C2",
    "C4",
    "C6",
    "CP3",
    "CP1",
    "CPz",
    "CP2",
    "CP4",
    "P1",
    "Pz",
    "P2",
    "POz"
  ],
  "checkpoint_selection_session": "1test",
  "dataset": "BNCI2014_001",
  "device": "cuda",
  "hyperparameters": {
    "adam_betas": [
      0.5,
      0.999
    ],
    "augmentation": "subject-aware segmentation-and-reconstruction",
    "augmentation_factor": 3,
    "augmentation_segments": 8,
    "batch_size": 72,
    "deterministic": true,
    "epochs": 1000,
    "eval_every": 1,
    "learning_rate": 0.001,
    "seed": 0,
    "weight_decay": 0.0
  },
  "input_samples": 1000,
  "input_unit": "microvolts",
  "label_names": [
    "feet",
    "left_hand",
    "right_hand",
    "tongue"
  ],
  "n_selection_trials": 2592,
  "n_train_trials": 2592,
  "normalization": {
    "mean": 0.32873100768837465,
    "std": 10.960788067113128,
    "type": "global_zscore"
  },
  "sampling_rate": 250,
  "selection_metric": "mean_subject_accuracy",
  "selection_trials_by_subject": {
    "1": 288,
    "2": 288,
    "3": 288,
    "4": 288,
    "5": 288,
    "6": 288,
    "7": 288,
    "8": 288,
    "9": 288
  },
  "selection_warning": "The nominal test sessions were inspected every evaluation epoch and used for model selection; reported scores are tuning metrics.",
  "subjects": [
    1,
    2,
    3,
    4,
    5,
    6,
    7,
    8,
    9
  ],
  "train_session": "0train",
  "train_trials_by_subject": {
    "1": 288,
    "2": 288,
    "3": 288,
    "4": 288,
    "5": 288,
    "6": 288,
    "7": 288,
    "8": 288,
    "9": 288
  },
  "training_seconds": 2309.853940684814
}
